question,fdf
1.1,checkboxname405
1.1,select409
1.1,select413
1.1,textareaname419
1.1,textareaname427
1.1,textareaname435

1.2,checkboxname447
1.2,select451
1.2,select455
1.2,textareaname461
1.2,textareaname469
1.2,textareaname477
1.2,select485
1.2,textareaname494
1.2,select502
1.2,textareaname511

1.3,checkboxname523
1.3,select527
1.3,select531
1.3,textareaname537
1.3,textareaname545
1.3,textareaname553
1.3,select561
1.3,textareaname570
1.3,select578

1.4,checkboxname591
1.4,select595
1.4,select599
1.4,textareaname605
1.4,textareaname615
1.4,textareaname624
1.4,textareaname626
1.4,textareaname635
1.4,textareaname637
1.4,select646
1.4,textareaname658
1.4,textareaname662

1.5,checkboxname674
1.5,select678
1.5,select682
1.5,textareaname688
1.5,textareaname698
1.5,textareaname706

1.6,checkboxname718
1.6,select722
1.6,select726
1.6,textareaname732
1.6,textareaname742
1.6,textareaname750
1.6,textareaname758

2.1,checkboxname773
2.1,select777
2.1,select781
2.1,textareaname787
2.1,textareaname794

2.2,checkboxname806
2.2,select810
2.2,select814
2.2,textareaname820
2.2,textareaname827
2.2,textareaname830
2.2,textareaname832

2.3,checkboxname844
2.3,select848
2.3,select852
2.3,textareaname858
2.3,textareaname868
2.3,textareaname877
2.3,textareaname885
2.3,textareaname893

3.1,checkboxname908
3.1,select912
3.1,select916
3.1,textareaname922
3.1,textareaname932
3.1,textareaname941
3.1,textareaname949

4.1,checkboxname965
4.1,select969
4.1,select973
4.1,textareaname979
4.1,textareaname986
4.1,select996
4.1,select1007
4.1,select1018
4.1,checkboxname965
4.1,textareaname1027
4.1,select1041

4.2,checkboxname1054
4.2,select1058
4.2,select1062
4.2,textareaname1068
4.2,textareaname1075
4.2,textareaname1078
4.2,textareaname1080

4.3,checkboxname1092
4.3,select1096
4.3,select1100
4.3,textareaname1106
4.3,textareaname1113
4.3,textareaname1116
4.3,textareaname1118
4.3,textareaname1120

4.4,checkboxname1133
4.4,select1137
4.4,select1141
4.4,textareaname1147
4.4,textareaname1154
4.4,textareaname1162
4.4,textareaname1170
4.4,textareaname1175

4.5,checkboxname1187
4.5,select1190
4.5,select1193
4.5,textareaname1197
4.5,textareaname1204
4.5,textareaname1210
4.5,textareaname1216
4.5,textareaname1222

4.6,checkboxname1235
4.6,select1238
4.6,select1241
4.6,textareaname1245
4.6,textareaname1252
4.6,textareaname1258
4.6,textareaname1264
4.6,textareaname1268

4.7,checkboxname1280
4.7,select1283
4.7,select1286
4.7,textareaname1290
4.7,textareaname1297
4.7,textareaname1303
4.7,textareaname1309

4.8,checkboxname1321
4.8,select1324
4.8,select1327
4.8,textareaname1331
4.8,textareaname1338
4.8,textareaname1344
4.8,textareaname1350

4.9,checkboxname1362
4.9,select1365
4.9,select1368
4.9,textareaname1372
4.9,textareaname1379
4.9,textareaname1385
4.9,textareaname1391
4.9,textareaname1397
4.9,textareaname1401

4.10,checkboxname1413
4.10,select1416
4.10,select1419

4.11,checkboxname1470
4.11,select1473
4.11,select1476

4.12,checkboxname1527
4.12,select1530
4.12,select1533

4.13,checkboxname1589
4.13,select1592
4.13,select1595

5.1,checkboxname1637
5.1,checkboxname1637
5.1,checkboxname1637

6.1,checkboxname1671
6.1,checkboxname1671
6.1,checkboxname1671

7.1,checkboxname1713
7.1,checkboxname1713
7.1,checkboxname1713


7.2,checkboxname1745
7.2,checkboxname1745
7.2,checkboxname1745

7.3,checkboxname1783
7.3,checkboxname1783
7.3,checkboxname1783

7.4,checkboxname1820
7.4,checkboxname1820
7.4,checkboxname1820

7.5,checkboxname1867
7.5,checkboxname1867
7.5,checkboxname1867

7.6,checkboxname1906
7.6,checkboxname1906
7.6,checkboxname1906

7.7,checkboxname1951
7.7,checkboxname1951
7.7,checkboxname1951

7.8,checkboxname1996
7.8,checkboxname1996
7.8,checkboxname1996

7.9,checkboxname2041
7.9,checkboxname2041
7.9,checkboxname2041

7.10,checkboxname2076
7.10,checkboxname2076
7.10,checkboxname2076

8.1,checkboxname2130
8.1,checkboxname2130
8.1,checkboxname2130

9.1,checkboxname2217
9.1,checkboxname2217
9.1,checkboxname2217

10.1,checkboxname2262
10.1,checkboxname2262
10.1,checkboxname2262

10.2,checkboxname2316
10.2,checkboxname2316
10.2,checkboxname2316

11.1,checkboxname2365
11.1,checkboxname2365
11.1,checkboxname2365

12.1,checkboxname2416
12.1,checkboxname2416
12.1,checkboxname2416

12.2,checkboxname2454
12.2,checkboxname2454
12.2,checkboxname2454

13.1,checkboxname2495
13.1,checkboxname2495
13.1,checkboxname2495

13.2,checkboxname2533
13.2,checkboxname2533
13.2,checkboxname2533

13.3,checkboxname2577
13.3,checkboxname2577
13.3,checkboxname2577

13.4,checkboxname2615
13.4,checkboxname2615
13.4,checkboxname2615

13.5,checkboxname2665
13.5,checkboxname2665
13.5,checkboxname2665

14.1,checkboxname2706
14.1,checkboxname2706
14.1,checkboxname2706

15.1,checkboxname2747
15.1,checkboxname2747
15.1,checkboxname2747

15.2,checkboxname2785
15.2,checkboxname2785
15.2,checkboxname2785

16.1,checkboxname2826
16.1,checkboxname2826
16.1,checkboxname2826


17.1,checkboxname2873
17.1,checkboxname2873
17.1,checkboxname2873

18.1,checkboxname2914
18.1,checkboxname2914
18.1,checkboxname2914

19.1,checkboxname2980
19.1,checkboxname2980
19.1,checkboxname2980

20.1,checkboxname3046
20.1,checkboxname3046
20.1,checkboxname3046

21.1,checkboxname3087
21.1,checkboxname3087
21.1,checkboxname3087

21.2,checkboxname3130
21.2,checkboxname3130
21.2,checkboxname3130

21.3,checkboxname3186
21.3,checkboxname3186
21.3,checkboxname3186

21.4,checkboxname3236
21.4,checkboxname3236
21.4,checkboxname3236

21.5,checkboxname3286
21.5,checkboxname3286
21.5,checkboxname3286

22.1,checkboxname3321
22.1,checkboxname3321
22.1,checkboxname3321

22.2,checkboxname3371
22.2,checkboxname3371
22.2,checkboxname3371

23.1,checkboxname3412
23.1,checkboxname3412
23.1,checkboxname3412

23.2,checkboxname3447
23.2,checkboxname3447
23.2,checkboxname3447

23.3,checkboxname3482
23.3,checkboxname3482
23.3,checkboxname3482

23.4,checkboxname3517
23.4,checkboxname3517
23.4,checkboxname3517

23.5,checkboxname3561
23.5,checkboxname3561
23.5,checkboxname3561

23.6,checkboxname3605
23.6,checkboxname3605
23.6,checkboxname3605

23.7,checkboxname3649
23.7,checkboxname3649
23.7,checkboxname3649

23.8,checkboxname3693
23.8,checkboxname3693
23.8,checkboxname3693

23.9,checkboxname3731
23.9,checkboxname3731
23.9,checkboxname3731

23.10,checkboxname3775
23.10,checkboxname3775
23.10,checkboxname3775

23.11,checkboxname3819
23.11,checkboxname3819
23.11,checkboxname3819

23.12,checkboxname3863
23.12,checkboxname3863
23.12,checkboxname3863


23.13,checkboxname3907
23.13,checkboxname3907
23.13,checkboxname3907

23.14,checkboxname3951
23.14,checkboxname3951
23.14,checkboxname3951

23.15,checkboxname3989
23.15,checkboxname3989
23.15,checkboxname3989

23.16,checkboxname4033
23.16,checkboxname4033
23.16,checkboxname4033

23.17,checkboxname4077
23.17,checkboxname4077
23.17,checkboxname4077

24.1,checkboxname4130
24.1,checkboxname4130
24.1,checkboxname4130

24A.1,checkboxname4184
24A.1,checkboxname4184
24A.1,checkboxname4184

24A.2,checkboxname4258
24A.2,checkboxname4258
24A.2,checkboxname4258

24A.3,checkboxname4293
24A.3,checkboxname4293
24A.3,checkboxname4293

24A.4,checkboxname4331
24A.4,checkboxname4331
24A.4,checkboxname4331

24A.5,checkboxname4375
24A.5,checkboxname4375
24A.5,checkboxname4375

24A.6,checkboxname4420
24A.6,checkboxname4420
24A.6,checkboxname4420

24A.7,checkboxname4462
24A.7,checkboxname4462
24A.7,checkboxname4462

24A.8,checkboxname4510
24A.8,checkboxname4510
24A.8,checkboxname4510

24A.9,checkboxname4564
24A.9,checkboxname4564
24A.9,checkboxname4564

24A.10,checkboxname4602
24A.10,checkboxname4602
24A.10,checkboxname4602

24A.11,checkboxname4640
24A.11,checkboxname4640
24A.11,checkboxname4640

24A.12,checkboxname4691
24A.12,checkboxname4691
24A.12,checkboxname4691

24A.13,checkboxname4733
24A.13,checkboxname4733
24A.13,checkboxname4733

24A.14,checkboxname4787
24A.14,checkboxname4787
24A.14,checkboxname4787

25.1,checkboxname4852
25.1,checkboxname4852
25.1,checkboxname4852

26.1,checkboxname4900
26.1,checkboxname4900
26.1,checkboxname4900

26.2,checkboxname4941
26.2,checkboxname4941
26.2,checkboxname4941

26.3,checkboxname4982
26.3,checkboxname4982
26.3,checkboxname4982

27.1,checkboxname5026
27.1,select5029
27.1,select5032
27.1,textareaname5036
27.1,textareaname5045
27.1,textareaname5052
27.1,textareaname5058

28.1,checkboxname5073
28.1,checkboxname5073
28.1,checkboxname5073

28.2,checkboxname5117
28.2,checkboxname5117
28.2,checkboxname5117

28.3,checkboxname5161
28.3,checkboxname5161
28.3,checkboxname5161

29.1,checkboxname5208
29.1,checkboxname5208
29.1,checkboxname5208

30.1,checkboxname5255
30.1,checkboxname5255
30.1,checkboxname5255

31.1,checkboxname5335
31.1,checkboxname5335
31.1,checkboxname5335

31.2,checkboxname5379
31.2,checkboxname5379
31.2,checkboxname5379

32.1,checkboxname5420
32.1,checkboxname5420
32.1,checkboxname5420

33.1,checkboxname5467
33.1,select5473
33.1,textareaname5498



